Workbook

Sheet Exercice8_Consigne1
B2: Fichier Clients | C2: Fichier Prospects | D2: Fichier 1 | E2: Fichier 2 | F2: Fichier 3 | G2: Fichier 3
A3: Envois
A4: Retours
A5: Taux de retour

Sheet Exercice8_Consigne1_corrigé
B2: Fichier Clients | C2: Fichier Prospects | D2: Fichier 1 | E2: Fichier 2 | F2: Fichier 3 | G2: Fichier 3
A3: Envois | B3: 44000 | C3: 35000 | D3: 14000 | E3: 21000 | F3: 18000 | G3: 7000
A4: Retours | B4: 3186 | C4: 1854 | D4: 621 | E4: 218 | F4: 198 | G4: 75
A5: Taux de retour | B5: =B4/B3 -> 0.072409091 | C5: =C4/C3 -> 0.052971429 | D5: =D4/D3 -> 0.044357143 | E5: =E4/E3 -> 0.010380952 | F5: =F4/F3 -> 0.011 | G5: =G4/G3 -> 0.010714286

Sheet Exercice8_Consigne2
B2: Fichier Clients | C2: Fichier Prospects | D2: Fichier 1 | E2: Fichier 2 | F2: Fichier 3 | G2: Fichier 3
A3: Envois
A4: Coût fichier
A5: Coût mailing
A6: Coût fixe

Sheet Exercice8_Consigne2_corrigé
B2: Fichier Clients | C2: Fichier Prospects | D2: Fichier 1 | E2: Fichier 2 | F2: Fichier 3 | G2: Fichier 3
A3: Envois | B3: 44000 | C3: 35000 | D3: 14000 | E3: 21000 | F3: 18000 | G3: 7000
A4: Coût fichier | D4: 0.6 | E4: 0.48 | F4: 0.43 | G4: 0.41
A5: Coût mailing | B5: 2 | C5: 2 | D5: 2 | E5: 2 | F5: 2 | G5: 2
A6: Coût fixe | B6: =(B4+B5)*B3 -> 88000 | C6: =(C4+C5)*C3 -> 70000 | D6: =(D4+D5)*D3 -> 36400 | E6: =(E4+E5)*E3 -> 52080 | F6: =(F4+F5)*F3 -> 43740 | G6: =(G4+G5)*G3 -> 16870

Sheet Exercice8_Consigne4
B2: Fichier Clients | C2: Fichier Prospects | D2: Fichier 1 | E2: Fichier 2 | F2: Fichier 3 | G2: Fichier 3
A3: Retours
A4: Marge sur coûts variables unitaire
A5: Marge sur coûts variables globale
A6: Coûts fixes
A7: Résultat

Sheet Exercice8_Consigne4_corrigé
B2: Fichier Clients | C2: Fichier Prospects | D2: Fichier 1 | E2: Fichier 2 | F2: Fichier 3 | G2: Fichier 3
A3: Retours | B3: 3186 | C3: 1854 | D3: 621 | E3: 218 | F3: 198 | G3: 75
A4: Marge sur coûts variables unitaire | B4: 120.88 | C4: 120.88 | D4: 120.88 | E4: 120.88 | F4: 120.88 | G4: 120.88
A5: Marge sur coûts variables globale | B5: =B3*B4 -> 385123.68 | C5: =C3*C4 -> 224111.52 | D5: =D3*D4 -> 75066.48 | E5: =E3*E4 -> 26351.84 | F5: =F3*F4 -> 23934.24 | G5: =G3*G4 -> 9066
A6: Coûts fixes | B6: =Exercice8_Consigne2_corrigé!B6 -> 88000 | C6: =Exercice8_Consigne2_corrigé!C6 -> 70000 | D6: =Exercice8_Consigne2_corrigé!D6 -> 36400 | E6: =Exercice8_Consigne2_corrigé!E6 -> 52080 | F6: =Exercice8_Consigne2_corrigé!F6 -> 43740 | G6: =Exercice8_Consigne2_corrigé!G6 -> 16870
A7: Résultat | B7: =B5-B6 -> 297123.68 | C7: =C5-C6 -> 154111.52 | D7: =D5-D6 -> 38666.48 | E7: =E5-E6 -> -25728.16 | F7: =F5-F6 -> -19805.76 | G7: =G5-G6 -> -7804

Sheet Exercice10
A2: Taille du fichier
A3: Objectif de nombre clients
A4: Rendez-vous à obtenir
A5: Prospects qualifiés
A6: Emailing
A7: Adresses valides
A8: Fichier nécessaire
A9: Publipostage
A10: Adresses valides
A11: Fichier nécessaire
A12: Coût
A13: Emailing
... A20: Envoi

Sheet Exercice10_corrigé
A2: Taille du fichier
A3: Objectif de nombre clients | B3: 20
A4: Rendez-vous à obtenir | B4: =B3*C4 -> 100 | C4: 5
A5: Prospects qualifiés | B5: =B4*C5 -> 800 | C5: 8
A6: Emailing
A7: Adresses valides | B7: =B5*C7 -> 2400 | C7: 3
A8: Fichier nécessaire | B8: =B7/(1-0.2) -> 3000 | C8: 0.2
A9: Publipostage
A10: Adresses valides | B10: =B5*C10 -> 4000 | C10: 5
A11: Fichier nécessaire | B11: =B10/(0.8) -> 5000 | C11: 0.2
A12: Coût
A13: Emailing
A14: Acquisition du fichier | B14: =B8 -> 3000 | C14: 0.8 | D14: =B14*C14 -> 2400
A15: Acquisition du logiciel de gestion | D15: 800
D16: =SUM(D14:D15) -> 3200
A17: Publipostage
A18: Acquisition du fichier | B18: =B11 -> 5000 | C18: 0.2 | D18: =B18*C18 -> 1000
A19: Fabrication, routage et envoi | D19: 250
A20: Envoi | B20: =B11 -> 5000 | C20: 0.4 | D20: =B20*C20 -> 2000
D21: =SUM(D18:D20) -> 3250
